Timestamp,User ID,User Name,Question,Answer
2025-06-21 19:12:43,7668792787,Damian Kuczynski,hej sprawdzam czy dzialas,"Cześć! Tak, działam. Jak mogę Ci pomóc?"
2025-06-21 19:35:20,7668792787,Damian Kuczynski,jak zrobic reklamacje?,"Aby złożyć reklamację, musisz przestrzegać kilku ogólnych kroków, które mogą się różnić w zależności od sprzedawcy lub dostawcy usług. Oto typowy proces składania reklamacji:

1. **Zbierz Informacje:**
   - Zgromadź wszystkie dokumenty związane z zakupem lub usługą, takie jak rachunki, faktury, gwarancje, instrukcje obsługi, zdjęcia produktu i wszelką komunikację.
   
2. **Sprawdź Politykę Reklamacyjną:**
   - Przed złożeniem reklamacji zapoznaj się z polityką reklamacyjną firmy, co może obejmować termin, zasady zwrotu i wymiany.

3. **Skontaktuj się ze Sprzedawcą/Dostawcą:**
   - Najpierw skontaktuj się ze sprzedawcą lub dostawcą usług, by wyjaśnić problem. Możesz to zrobić osobiście, telefonicznie, e-mailem lub przez formularz kontaktowy na stronie internetowej.

4. **Opisz Problem:**
   - Dokładnie i jasno opisz problem, podając wszelkie istotne szczegóły, takie jak data zakupu, numer zamówienia, oraz opis usterki czy problemu.

5. **Załącz Dowody:**
   - Dołącz kopie lub zdjęcia wsparcia dokumentacyjnego, które mogą pomóc w rozpatrzeniu Twojej reklamacji.

6. **Zaproponuj Rozwiązanie:**
   - Wyraź swoje oczekiwania dotyczące rozwiązania problemu, np. naprawa, wymiana, zwrot pieniędzy czy inna forma rekompensaty.

7. **Zachowaj Kopie:**
   - Zawsze zachowuj kopie wszystkich dokumentów, e-maili oraz notatek z rozmów telefonicznych na wypadek konieczności dalszego działania.

8. **Czekaj na Odpowiedź:**
   - Po złożeniu reklamacji firma powinna skontaktować się z Tobą w określonym czasie zgodnie z ich polityką. Jeśli w tym czasie nie otrzymasz odpowiedzi, możesz skontaktować się z nimi ponownie.

9. **Rozważ Mediację:**
   - Jeśli nie jesteś zadowolony z odpowiedzi, możesz skorzystać z pomocy mediacyjnej lub zwrócić się do lokalnych organów ochrony konsumenta.

Jeśli masz konkretną sytuację, pamiętaj, że pomocnym może być dołączenie załączonego pliku, jeśli dotyczy posiadanego problemu. Jak mogę jeszcze pomóc?"
2025-06-21 19:47:45,7668792787,Damian Kuczynski,test,"Cześć! Wygląda na to, że po prostu testujesz system. Jak mogę Ci pomóc?"
2025-06-21 19:50:33,7668792787,Damian Kuczynski,how to add files?,"To add files, look for an option, typically a button, that allows you to upload or attach files. This often appears as an icon of a paperclip, or a button labeled ""Upload,"" ""Attach,"" or ""Add File."" Once you click it, you will be prompted to select a file from your computer to upload.

If you're having trouble finding this option, please let me know, and I can help further based on the platform you're using."
